# Host: localhost  (Version: 5.7.23)
# Date: 2018-08-30 14:25:22
# Generator: MySQL-Front 5.3  (Build 4.234)

/*!40101 SET NAMES utf8 */;

#
# Structure for table "adminproject_account"
#

DROP TABLE IF EXISTS `adminproject_account`;
CREATE TABLE `adminproject_account` (
  `id` int(11) NOT NULL AUTO_INCREMENT,
  `username` varchar(255) NOT NULL,
  `password` varchar(255) NOT NULL,
  `create_time` datetime(6) DEFAULT NULL,
  PRIMARY KEY (`id`)
) ENGINE=InnoDB AUTO_INCREMENT=2 DEFAULT CHARSET=utf8;

#
# Data for table "adminproject_account"
#

INSERT INTO `adminproject_account` VALUES (1,'hjb','759153wsad','2018-08-14 00:00:00.000000');

#
# Structure for table "adminproject_acticle"
#

DROP TABLE IF EXISTS `adminproject_acticle`;
CREATE TABLE `adminproject_acticle` (
  `id` int(11) NOT NULL AUTO_INCREMENT,
  `content` longtext COMMENT '文章内容',
  `c_id` int(11) DEFAULT NULL COMMENT '分类id',
  `create_time` datetime DEFAULT NULL COMMENT '发布日期',
  `read_count` int(11) DEFAULT NULL COMMENT '阅读量',
  `title` varchar(100) DEFAULT NULL COMMENT '文章标题',
  `uploads_file` varchar(255) DEFAULT NULL COMMENT '文件路径',
  PRIMARY KEY (`id`)
) ENGINE=InnoDB AUTO_INCREMENT=16 DEFAULT CHARSET=utf8;

#
# Data for table "adminproject_acticle"
#

INSERT INTO `adminproject_acticle` VALUES (6,'撒大苏打撒旦看见啥开会艰苦的实打实打算',2,'2018-08-26 00:00:00',NULL,'JAVA高级教程啊','/adminproject/uploads/1535291224933.jpg'),(8,'大数据肯定会卡刷卡的贺卡设计活动空间和',2,'2018-08-27 00:00:00',NULL,'java牛逼啊','/adminproject/uploads/1535320448588.jpg'),(11,'random包 #随机数 type()判断类型的方法list（）强制转化成列表dict（）强制转化成字典join.loads() 转成把字符串的json转成jsonjoin.dumps() 把字典转成jsonsimplejson.loads() 把字节装成 字典simplejson.dumps() 把字典转成jsonitems()方法用字典遍历键值对for循环range() 方法 用于for循环数字 （0，10）循环 0到9  for index in range（0，9）：print（index）例子：dict = { \"name\" , \"hjb\"}for key,values in dict:print(key,values)-----------------结果输出 name hjb split()分割成列表Python&nbsp;split()&nbsp;通过指定分隔符对字符串进行切片，如果参数 num 有指定值，则仅分隔 num 个子字符串语法split() 方法语法：str.split(str=\"\", num=string.count(str)).参数str -- 分隔符，默认为所有的空字符，包括空格、换行(\\n)、制表符(\\t)等。num -- 分割次数。返回值返回分割后的字符串列表。实例以下实例展示了split()函数的使用方法：#!/usr/bin/python\r\n例子:\r\nstr = \"Line1-abcdef \\nLine2-abc \\nLine4-abcd\";\r\nprint str.split( );\r\nprint str.split(\' \', 1 );以上实例输出结果如下：[\'Line1-abcdef\', \'Line2-abc\', \'Line4-abcd\']\r\n[\'Line1-abcdef\', \'\\nLine2-abc \\nLine4-abcd\']join()应用 join(元祖,列表,字典,字符串)函数的应用1.  字符串应用       str = \"-\"a = str.join(\"abcd\")print(a)结果:a-b-c-d2. 元祖的应用 str = \"-\"a = str.join((\"a\",\"b\",\"c\",\"d\")print(a)结果:a-b-c-d3.列表的应用      str = \"-\"a = str.join([\"a\",\"b\",\"c\",\"d\"])print(a)结果:a-b-c-d4.字典的应用(键名拼凑) str = \"-\"a = str.join({\"a\":\"hujingbang\",\"b\": \"cyj\"})print(a)结果:a-b',4,'2018-08-27 08:53:20',NULL,'python基础教程','/adminproject/uploads/1535331200519.jpg'),(13,'在一个比赛途中我们不期而遇，却成为我的对象，在我路过你身边的时候，是你那可爱的笑容吸引着我，一见钟情，爱情很美妙，我发誓我要追到你，碰巧的是我们其实早就认识了，你之前因为要进计算机协会来面试加我微信，\r\n问我还能面试吗? 我说可以;后面就没有保持联系了，直到这学期我认识你，彻底改变了我，初恋爱情相处中，彼此之间有些不懂地方，爱情中互相学习，作为一个有女朋友的我，不可能还像单身狗那样，做事那么随便，要如何关心她，爱护她，照顾她，考虑她，体贴她，让她对你有一种安全感，女人是要疼出来，女人的心很弱小，需要我们男人去保护，不要让她受委屈，在我们之间相处的时候，也发生一些矛盾，这其实很正常，矛盾不是小事，主要是你自己能化解，想不想去化解，哪怕她做错了，你还说她是对的，自然这件事情就化了，一直吵下去，对两方都不好，女人是感情动物，容易受到一些纠纷而引起误会，有时候多花时间陪她逛街 散步 聊天，爱情才能一直保持下去，要不然感情迟早会淡下去',3,'2018-08-27 19:45:39',NULL,'我和静静的经历','/adminproject/uploads/1535370339497.jpg'),(14,'<h2><blockquote><b><i><font color=\"#4d80bf\"><span style=\"background-color: rgb(238, 236, 224);\"><code>1.文件函数用法：</code></span></font></i></b></blockquote></h2><div yne-bulb-block=\"paragraph\"><b><i><font color=\"#4d80bf\"><span style=\"background-color: rgb(238, 236, 224);\">is_dir</span>(绝对路径或相对路径)判断给定文件名是否是一个目录 boolean</font></i></b></div><div yne-bulb-block=\"paragraph\"><b><i><font color=\"#4d80bf\">文件的属性:</font></i></b></div><div yne-bulb-block=\"paragraph\"><b><i><font color=\"#4d80bf\"><span style=\"background-color: rgb(238, 236, 224);\">file_exists</span>(绝对路径或相对路径)检查文件或目录是否存在</font></i></b></div><div yne-bulb-block=\"paragraph\"><b><i><font color=\"#4d80bf\"><span style=\"background-color: rgb(238, 236, 224);\">filesize</span>(绝对路径或相对路径)取得普通文件大小放回的是字节</font></i></b></div><div yne-bulb-block=\"paragraph\"><b><i><font color=\"#4d80bf\"><span style=\"background-color: rgb(238, 236, 224);\">is_readable</span>(绝对路径或相对路径)判断给定文件名是否可读</font></i></b></div><div yne-bulb-block=\"paragraph\"><b><i><font color=\"#4d80bf\"><span style=\"background-color: rgb(238, 236, 224);\">is_writable()</span>判断给定文件名是否可读</font></i></b></div><div yne-bulb-block=\"paragraph\"><b><i><font color=\"#4d80bf\"><span style=\"background-color: rgb(238, 236, 224);\">mkdir </span>新建目录 第一个参数路径 第二个默认0777 第三个是ture或者false ture是代表目录递归就是可以在主目录里面创建多个子目录 </font></i></b></div><div yne-bulb-block=\"paragraph\"><b><i><font color=\"#4d80bf\" style=\"background-color: rgb(238, 236, 224);\">fopen函数:</font></i></b></div><div yne-bulb-block=\"paragraph\"><b><i><font color=\"#4d80bf\"><span style=\"background-color: rgb(238, 236, 224);\">fopen</span>(\"操作的文件名\",属性)函数用打开文件</font></i></b></div><div yne-bulb-block=\"paragraph\"><i><font color=\"#4d80bf\"><b>属性:r,r+,w,w+,a,a+,x,x</b>+</font></i></div><div yne-bulb-block=\"paragraph\"><div yne-bulb-block=\"paragraph\"><b><i><font color=\"#4d80bf\">$fopen=fopen(\"path\",\'\',\'ture\');</font></i></b></div><div yne-bulb-block=\"paragraph\"><b><i><font color=\"#4d80bf\"><br></font></i></b></div><div yne-bulb-block=\"paragraph\"><b><i><font color=\"#4d80bf\">fwrite函数:</font></i></b></div><div yne-bulb-block=\"paragraph\"><b><i><font color=\"#4d80bf\">fwrite($fopen,\"string\",length限制字节)写入字符串内容</font></i></b></div><blockquote><h2><i style=\"background-color: rgb(238, 236, 224);\"><code style=\"\"><b><font color=\"#4d80bf\">2.PHP的GD库图像化:</font></b></code></i></h2></blockquote><blockquote><p><i><font color=\"#1c487f\">&nbsp; header(\"content-type:image/jpeg,gif.png\")；&nbsp;&nbsp;<span style=\"background-color: rgb(238, 236, 224);\">//要输出图像化必须header告诉浏览器是输出的是图像化<br></span>&nbsp; $img=imagecreatetruecolor($width,$height);<br>&nbsp; $color=imagecolorallocate($img,int red,int blue,int green)<span style=\"background-color: rgb(238, 236, 224);\">;//给图像填充颜色;<br></span>&nbsp; imagefill($img,0,0,$color)0,0是左上角坐标//填充区域<br>&nbsp;imagerectanle($img,$x,$y,$x1,$y1,$color);&nbsp; &nbsp;&nbsp;<span style=\"background-color: rgb(238, 236, 224);\">//$x,$y左上角坐标 $x1,$y1右下角坐标//画一个矩形<br></span>&nbsp; imagesetpixel($img,$x,$y,$x1,$y1,$color);&nbsp; &nbsp;<span style=\"background-color: rgb(238, 236, 224);\">//$x,$y左上角坐标 $x1,$y1右下角坐标//输出一个单一像素点<br></span>&nbsp;imageline($img,$x,$y,$x1,$y1,$color);&nbsp; &nbsp; &nbsp; //$x,$y左上角坐标 $x1,$y1右下角坐标//输出一条线段<br>&nbsp;imagettftext($img,font-size,旋转的角度deg,$x,$y,$color,\'fontfile\',string $text)<br>&nbsp;fontfile:是想要使用的 TrueType 字体的路径 $text是代表你是输入的字符串  $x ,$y左下角坐标<br>&nbsp;imagepng($img)imagejpeg($img)imagegif($img)输出图像</font></i></p></blockquote></div>',1,'2018-08-27 22:30:29',NULL,'PHP基础教程','/adminproject/uploads/1535380229560.jpg'),(15,'<p>&lt;script&gt;alert(\"pythonwocaocaoa1\");&lt;/script&gt;</p>',4,'2018-08-28 00:29:49',NULL,'testxss攻击','/adminproject/uploads/1535387389240.jpg');

#
# Structure for table "adminproject_classify"
#

DROP TABLE IF EXISTS `adminproject_classify`;
CREATE TABLE `adminproject_classify` (
  `id` int(11) NOT NULL AUTO_INCREMENT,
  `classify_name` varchar(100) NOT NULL,
  PRIMARY KEY (`id`)
) ENGINE=InnoDB AUTO_INCREMENT=5 DEFAULT CHARSET=utf8 COMMENT='分类名称';

#
# Data for table "adminproject_classify"
#

INSERT INTO `adminproject_classify` VALUES (1,'PHP'),(2,'JAVA'),(3,'爱情'),(4,'Python');

#
# Structure for table "auth_group"
#

DROP TABLE IF EXISTS `auth_group`;
CREATE TABLE `auth_group` (
  `id` int(11) NOT NULL AUTO_INCREMENT,
  `name` varchar(80) NOT NULL,
  PRIMARY KEY (`id`),
  UNIQUE KEY `name` (`name`)
) ENGINE=InnoDB DEFAULT CHARSET=utf8;

#
# Data for table "auth_group"
#


#
# Structure for table "auth_user"
#

DROP TABLE IF EXISTS `auth_user`;
CREATE TABLE `auth_user` (
  `id` int(11) NOT NULL AUTO_INCREMENT,
  `password` varchar(128) NOT NULL,
  `last_login` datetime(6) DEFAULT NULL,
  `is_superuser` tinyint(1) NOT NULL,
  `username` varchar(150) NOT NULL,
  `first_name` varchar(30) NOT NULL,
  `last_name` varchar(150) NOT NULL,
  `email` varchar(254) NOT NULL,
  `is_staff` tinyint(1) NOT NULL,
  `is_active` tinyint(1) NOT NULL,
  `date_joined` datetime(6) NOT NULL,
  PRIMARY KEY (`id`),
  UNIQUE KEY `username` (`username`)
) ENGINE=InnoDB DEFAULT CHARSET=utf8;

#
# Data for table "auth_user"
#


#
# Structure for table "auth_user_groups"
#

DROP TABLE IF EXISTS `auth_user_groups`;
CREATE TABLE `auth_user_groups` (
  `id` int(11) NOT NULL AUTO_INCREMENT,
  `user_id` int(11) NOT NULL,
  `group_id` int(11) NOT NULL,
  PRIMARY KEY (`id`),
  UNIQUE KEY `auth_user_groups_user_id_group_id_94350c0c_uniq` (`user_id`,`group_id`),
  KEY `auth_user_groups_group_id_97559544_fk_auth_group_id` (`group_id`),
  CONSTRAINT `auth_user_groups_group_id_97559544_fk_auth_group_id` FOREIGN KEY (`group_id`) REFERENCES `auth_group` (`id`),
  CONSTRAINT `auth_user_groups_user_id_6a12ed8b_fk_auth_user_id` FOREIGN KEY (`user_id`) REFERENCES `auth_user` (`id`)
) ENGINE=InnoDB DEFAULT CHARSET=utf8;

#
# Data for table "auth_user_groups"
#


#
# Structure for table "django_content_type"
#

DROP TABLE IF EXISTS `django_content_type`;
CREATE TABLE `django_content_type` (
  `id` int(11) NOT NULL AUTO_INCREMENT,
  `app_label` varchar(100) NOT NULL,
  `model` varchar(100) NOT NULL,
  PRIMARY KEY (`id`),
  UNIQUE KEY `django_content_type_app_label_model_76bd3d3b_uniq` (`app_label`,`model`)
) ENGINE=InnoDB AUTO_INCREMENT=11 DEFAULT CHARSET=utf8;

#
# Data for table "django_content_type"
#

INSERT INTO `django_content_type` VALUES (1,'admin','logentry'),(2,'auth','user'),(3,'auth','group'),(4,'auth','permission'),(5,'contenttypes','contenttype'),(6,'adminproject','account'),(7,'adminproject','acticle'),(8,'sessions','session'),(9,'polls','person'),(10,'adminproject','classify');

#
# Structure for table "django_admin_log"
#

DROP TABLE IF EXISTS `django_admin_log`;
CREATE TABLE `django_admin_log` (
  `id` int(11) NOT NULL AUTO_INCREMENT,
  `action_time` datetime(6) NOT NULL,
  `object_id` longtext,
  `object_repr` varchar(200) NOT NULL,
  `action_flag` smallint(5) unsigned NOT NULL,
  `change_message` longtext NOT NULL,
  `content_type_id` int(11) DEFAULT NULL,
  `user_id` int(11) NOT NULL,
  PRIMARY KEY (`id`),
  KEY `django_admin_log_content_type_id_c4bce8eb_fk_django_co` (`content_type_id`),
  KEY `django_admin_log_user_id_c564eba6_fk_auth_user_id` (`user_id`),
  CONSTRAINT `django_admin_log_content_type_id_c4bce8eb_fk_django_co` FOREIGN KEY (`content_type_id`) REFERENCES `django_content_type` (`id`),
  CONSTRAINT `django_admin_log_user_id_c564eba6_fk_auth_user_id` FOREIGN KEY (`user_id`) REFERENCES `auth_user` (`id`)
) ENGINE=InnoDB DEFAULT CHARSET=utf8;

#
# Data for table "django_admin_log"
#


#
# Structure for table "auth_permission"
#

DROP TABLE IF EXISTS `auth_permission`;
CREATE TABLE `auth_permission` (
  `id` int(11) NOT NULL AUTO_INCREMENT,
  `name` varchar(255) NOT NULL,
  `content_type_id` int(11) NOT NULL,
  `codename` varchar(100) NOT NULL,
  PRIMARY KEY (`id`),
  UNIQUE KEY `auth_permission_content_type_id_codename_01ab375a_uniq` (`content_type_id`,`codename`),
  CONSTRAINT `auth_permission_content_type_id_2f476e4b_fk_django_co` FOREIGN KEY (`content_type_id`) REFERENCES `django_content_type` (`id`)
) ENGINE=InnoDB AUTO_INCREMENT=41 DEFAULT CHARSET=utf8;

#
# Data for table "auth_permission"
#

INSERT INTO `auth_permission` VALUES (1,'Can add log entry',1,'add_logentry'),(2,'Can change log entry',1,'change_logentry'),(3,'Can delete log entry',1,'delete_logentry'),(4,'Can view log entry',1,'view_logentry'),(5,'Can add user',2,'add_user'),(6,'Can change user',2,'change_user'),(7,'Can delete user',2,'delete_user'),(8,'Can view user',2,'view_user'),(9,'Can add group',3,'add_group'),(10,'Can change group',3,'change_group'),(11,'Can delete group',3,'delete_group'),(12,'Can view group',3,'view_group'),(13,'Can add permission',4,'add_permission'),(14,'Can change permission',4,'change_permission'),(15,'Can delete permission',4,'delete_permission'),(16,'Can view permission',4,'view_permission'),(17,'Can add content type',5,'add_contenttype'),(18,'Can change content type',5,'change_contenttype'),(19,'Can delete content type',5,'delete_contenttype'),(20,'Can view content type',5,'view_contenttype'),(21,'Can add account',6,'add_account'),(22,'Can change account',6,'change_account'),(23,'Can delete account',6,'delete_account'),(24,'Can view account',6,'view_account'),(25,'Can add acticle',7,'add_acticle'),(26,'Can change acticle',7,'change_acticle'),(27,'Can delete acticle',7,'delete_acticle'),(28,'Can view acticle',7,'view_acticle'),(29,'Can add session',8,'add_session'),(30,'Can change session',8,'change_session'),(31,'Can delete session',8,'delete_session'),(32,'Can view session',8,'view_session'),(33,'Can add person',9,'add_person'),(34,'Can change person',9,'change_person'),(35,'Can delete person',9,'delete_person'),(36,'Can view person',9,'view_person'),(37,'Can add classify',10,'add_classify'),(38,'Can change classify',10,'change_classify'),(39,'Can delete classify',10,'delete_classify'),(40,'Can view classify',10,'view_classify');

#
# Structure for table "auth_user_user_permissions"
#

DROP TABLE IF EXISTS `auth_user_user_permissions`;
CREATE TABLE `auth_user_user_permissions` (
  `id` int(11) NOT NULL AUTO_INCREMENT,
  `user_id` int(11) NOT NULL,
  `permission_id` int(11) NOT NULL,
  PRIMARY KEY (`id`),
  UNIQUE KEY `auth_user_user_permissions_user_id_permission_id_14a6b632_uniq` (`user_id`,`permission_id`),
  KEY `auth_user_user_permi_permission_id_1fbb5f2c_fk_auth_perm` (`permission_id`),
  CONSTRAINT `auth_user_user_permi_permission_id_1fbb5f2c_fk_auth_perm` FOREIGN KEY (`permission_id`) REFERENCES `auth_permission` (`id`),
  CONSTRAINT `auth_user_user_permissions_user_id_a95ead1b_fk_auth_user_id` FOREIGN KEY (`user_id`) REFERENCES `auth_user` (`id`)
) ENGINE=InnoDB DEFAULT CHARSET=utf8;

#
# Data for table "auth_user_user_permissions"
#


#
# Structure for table "auth_group_permissions"
#

DROP TABLE IF EXISTS `auth_group_permissions`;
CREATE TABLE `auth_group_permissions` (
  `id` int(11) NOT NULL AUTO_INCREMENT,
  `group_id` int(11) NOT NULL,
  `permission_id` int(11) NOT NULL,
  PRIMARY KEY (`id`),
  UNIQUE KEY `auth_group_permissions_group_id_permission_id_0cd325b0_uniq` (`group_id`,`permission_id`),
  KEY `auth_group_permissio_permission_id_84c5c92e_fk_auth_perm` (`permission_id`),
  CONSTRAINT `auth_group_permissio_permission_id_84c5c92e_fk_auth_perm` FOREIGN KEY (`permission_id`) REFERENCES `auth_permission` (`id`),
  CONSTRAINT `auth_group_permissions_group_id_b120cbf9_fk_auth_group_id` FOREIGN KEY (`group_id`) REFERENCES `auth_group` (`id`)
) ENGINE=InnoDB DEFAULT CHARSET=utf8;

#
# Data for table "auth_group_permissions"
#


#
# Structure for table "django_migrations"
#

DROP TABLE IF EXISTS `django_migrations`;
CREATE TABLE `django_migrations` (
  `id` int(11) NOT NULL AUTO_INCREMENT,
  `app` varchar(255) NOT NULL,
  `name` varchar(255) NOT NULL,
  `applied` datetime(6) NOT NULL,
  PRIMARY KEY (`id`)
) ENGINE=InnoDB AUTO_INCREMENT=23 DEFAULT CHARSET=utf8;

#
# Data for table "django_migrations"
#

INSERT INTO `django_migrations` VALUES (1,'contenttypes','0001_initial','2018-08-12 18:48:02.529949'),(2,'auth','0001_initial','2018-08-12 18:48:09.835669'),(3,'admin','0001_initial','2018-08-12 18:48:11.551813'),(4,'admin','0002_logentry_remove_auto_add','2018-08-12 18:48:11.605197'),(5,'admin','0003_logentry_add_action_flag_choices','2018-08-12 18:48:11.652114'),(6,'contenttypes','0002_remove_content_type_name','2018-08-12 18:48:12.668198'),(7,'auth','0002_alter_permission_name_max_length','2018-08-12 18:48:13.306568'),(8,'auth','0003_alter_user_email_max_length','2018-08-12 18:48:14.085172'),(9,'auth','0004_alter_user_username_opts','2018-08-12 18:48:14.153499'),(10,'auth','0005_alter_user_last_login_null','2018-08-12 18:48:14.669542'),(11,'auth','0006_require_contenttypes_0002','2018-08-12 18:48:14.707729'),(12,'auth','0007_alter_validators_add_error_messages','2018-08-12 18:48:14.769249'),(13,'auth','0008_alter_user_username_max_length','2018-08-12 18:48:15.471693'),(14,'auth','0009_alter_user_last_name_max_length','2018-08-12 18:48:16.141337'),(15,'adminproject','0001_initial','2018-08-12 18:51:49.562988'),(16,'polls','0001_initial','2018-08-12 18:53:19.919320'),(17,'polls','0002_person_password','2018-08-12 18:53:20.418301'),(18,'polls','0003_person_create_time','2018-08-12 18:53:20.918705'),(19,'polls','0004_auto_20180813_0121','2018-08-12 18:53:20.950252'),(20,'sessions','0001_initial','2018-08-12 18:53:21.582037'),(21,'adminproject','0002_auto_20180813_0254','2018-08-12 18:54:37.582653'),(22,'adminproject','0003_auto_20180823_2129','2018-08-23 13:30:38.475693');

#
# Structure for table "django_session"
#

DROP TABLE IF EXISTS `django_session`;
CREATE TABLE `django_session` (
  `session_key` varchar(40) NOT NULL,
  `session_data` longtext NOT NULL,
  `expire_date` datetime(6) NOT NULL,
  PRIMARY KEY (`session_key`),
  KEY `django_session_expire_date_a5c62663` (`expire_date`)
) ENGINE=InnoDB DEFAULT CHARSET=utf8;

#
# Data for table "django_session"
#

INSERT INTO `django_session` VALUES ('0ecbw336743ycmuj66g7wka0nm00ddlx','YWJiMjA2YjE2Y2Y0N2YzZGUyZjZiMzRmMWJhNDcxNjZhZWVhN2EwZTp7InZlcml0eV9jb2RlIjoiZWRyYyJ9','2018-08-26 18:56:19.819738'),('1cj6vhrqvv4efpl0mxg8rg75cvugn9ob','MDBlY2JjZjhhZmE0ZjI0NWYwY2U2MGJiYmQwMWZlODE2OGNhZTE4MTp7InZlcml0eV9jb2RlIjoiZ3drYSIsInVzZXJfaWQiOjEsInVzZXIiOiJoamIifQ==','2018-08-22 10:51:36.268320'),('348xfo4ujbftvi5vyp4ah9u36nqtat3g','YjVmYzhlMzFjMzJlOGUyODA3ZDc1NTU5ZGI2YzRhNmE3YzliMzQ0Mzp7InVzZXJfaWQiOjEsInVzZXIiOiJoamIiLCJ2ZXJpdHlfY29kZSI6ImtvcXIifQ==','2018-09-10 11:10:52.130012'),('658ppf4canxkwjgdo6c16ltuel35n3bv','NDMwOWI0NTYzYjg2NGU2YTVkNjZkODVmMDM5NmI0MWZjZTJhOTM1ZDp7InZlcml0eV9jb2RlIjoicGphbCJ9','2018-08-28 11:30:35.392271'),('bi67ri06u7gljuu43c6kkurvwavzazpz','YjY0MDZlMTRjZjkwZGM5YWQ1NTBhNGFjOWU4NWU2NDM3ZTBkYTkxYjp7InZlcml0eV9jb2RlIjoieGR3ZSJ9','2018-08-26 19:13:42.600953'),('dcjxy78qr8ccbrm2hu4v7ogox36wvge1','YjE2Mzc1NjI4NWVkMjQ1YTAzYTVjMjRjNzIwMzYwMDVmOWVjNDU4MDp7InZlcml0eV9jb2RlIjoieXRxbCJ9','2018-09-02 10:22:21.740365'),('g8izafesxzlc9zcq1qm3bm38gzutc058','ZTQ1N2E3NzUzNDFhMDAzZWY3MDNiOWQyNDA2YTY4YWY5ODg3OTdiMjp7InZlcml0eV9jb2RlIjoiZWZpdiJ9','2018-08-26 20:14:49.151071'),('h3bailrjt8w277scjt1fka3b57nvqb75','NmUyZDM2MGNlYjEyNWY4YzM3ZTNiNTZiNWIzYjgyZmFkMTU1ODY1YTp7InVzZXIiOiJoamIiLCJ1c2VyX2lkIjoxLCJ2ZXJpdHlfY29kZSI6InJoc2sifQ==','2018-08-22 11:39:19.097516'),('i705cwhiew4r3h90lfb06azb3uk3e804','YWY0ZjVhN2MxODNlMWU0ODllYWNmNzkxYWRhYjk2ZTU5MDIzODU2Mzp7InZlcml0eV9jb2RlIjoiZHN5ciJ9','2018-08-28 13:49:46.823961'),('lpykfexe53s90rtxkuy39ihinj8ded15','MzcyN2YzOWJjOWExNDg2NzNkNTE2OGU2NzVjNzEwOGZmZGIzM2FhYjp7InVzZXIiOiJoamIiLCJ1c2VyX2lkIjoxLCJ2ZXJpdHlfY29kZSI6ImVtdnIifQ==','2018-08-22 14:56:40.060110'),('m830anvskskxwujvp0rq4a7fyhm6uaub','YzliMWRmZDFmMDg5YzRiMDI1MzNhMjdmMjEwMDEzY2Y1NzgyZTQyYjp7InZlcml0eV9jb2RlIjoiaW5idCJ9','2018-08-26 19:22:27.489142'),('ngwupn4xe2v4cuif800etzis7p4ur0e9','Y2I5YzZmMDZmNzQwYmIzMTNhOTI0OTU4MzUzZGMxZjNjZWU1ZTNkYjp7InZlcml0eV9jb2RlIjoicWhvbCJ9','2018-08-26 19:24:19.006050'),('pm44olvduhiifh3mjseobxfy5mmh1dg9','NzViZmEyYzc1ZDdlODBlOTFiZjM1NDk0MWRjYjk1NGM4MjNhYTAyMDp7InZlcml0eV9jb2RlIjoidXl2aiJ9','2018-08-28 14:14:13.241148'),('qsmmwsqb7yu3cjrcucbk4t0kw2hth9ws','ZTY5MWU4Njk5Yzc5YjRmMTE1ZDM3ZDMzOGNmYjY5MGE2MDE2ZmNhODp7InZlcml0eV9jb2RlIjoiaXhyYiJ9','2018-08-26 19:00:36.677825'),('ryo2ftru9ctnb0yaovema2h6yx5uxmw0','MTI4NDE5ZGZkYzRkMDhkOTdhZWVjMmMxMTAyNGRkYTk1NzFkYzcwNTp7InVzZXIiOiJoamIiLCJ1c2VyX2lkIjoxLCJ2ZXJpdHlfY29kZSI6ImRxZncifQ==','2018-08-22 13:08:46.094044'),('stivv67gsplnq0cnwvcj3m5ncaqxxn8k','MGQwMTg1OTE4ODBiYTIxNjA5MDNiNGJlN2E1Yzk2YzkyMmQ0NzJiMDp7InZlcml0eV9jb2RlIjoiaWZmaCJ9','2018-08-26 18:56:18.434229'),('sz6fxjiad9tjdf3a0j4qlmkasy5bu0nf','MDNjNDhiZWM1ZDFkYzU1MTdkYzAwOTQ4YmIyNzE0MGE0ODc3MzU3MDp7InZlcml0eV9jb2RlIjoic3doaSJ9','2018-08-26 19:44:10.921413'),('xrgrgv3tgx0o5b210tm7rabzfezscepv','MTRmZDYzODA4NjgxNDRkNDk4ZjRkNzgyZmQ3MmU1OGQ1YzNmYjI1NTp7InZlcml0eV9jb2RlIjoicGRndSJ9','2018-08-26 18:56:20.255465');

#
# Structure for table "polls_person"
#

DROP TABLE IF EXISTS `polls_person`;
CREATE TABLE `polls_person` (
  `id` int(11) NOT NULL AUTO_INCREMENT,
  `first_name` varchar(30) NOT NULL,
  `last_name` varchar(30) NOT NULL,
  `password` int(11) DEFAULT NULL,
  `create_time` datetime(6) DEFAULT NULL,
  PRIMARY KEY (`id`)
) ENGINE=InnoDB DEFAULT CHARSET=utf8;

#
# Data for table "polls_person"
#

